"Fecha","Último","Apertura","Máximo","Mínimo","Vol.","% var."
"18.11.2021","59.362,0","60.386,1","60.945,0","59.090,0","5,70K","-1,70%"
"17.11.2021","60.386,1","60.124,0","60.847,0","58.427,0","6,72K","0,44%"
"16.11.2021","60.124,0","63.562,0","63.562,0","58.708,0","13,07K","-5,41%"
"15.11.2021","63.562,0","65.471,0","66.320,0","63.383,3","5,27K","-2,92%"
"14.11.2021","65.471,0","64.406,0","65.471,0","63.589,0","2,19K","1,65%"
"13.11.2021","64.406,0","64.137,0","64.968,2","63.405,0","1,87K","0,39%"
"12.11.2021","64.156,0","64.801,0","65.412,0","62.310,0","5,12K","-1,00%"
"11.11.2021","64.801,0","64.954,0","65.541,0","64.089,0","2,86K","-0,24%"
"10.11.2021","64.954,0","66.935,0","68.925,0","63.123,0","12,23K","-2,96%"
"09.11.2021","66.935,0","67.526,0","68.429,0","66.343,0","6,46K","-0,88%"
"08.11.2021","67.526,0","63.259,1","67.665,0","63.259,1","8,98K","6,75%"
"07.11.2021","63.259,1","61.495,0","63.279,0","61.400,0","3,23K","2,87%"
"06.11.2021","61.496,0","61.016,4","61.583,0","60.100,0","2,93K","0,79%"
"05.11.2021","61.016,4","61.422,8","62.598,0","60.746,3","2,26K","-0,66%"
"04.11.2021","61.422,8","62.904,0","63.060,2","60.733,0","2,93K","-2,35%"
"03.11.2021","62.904,0","63.249,0","63.556,0","60.624,0","4,76K","-0,55%"
"02.11.2021","63.249,0","60.927,0","64.263,4","60.661,0","5,20K","3,81%"
"01.11.2021","60.927,0","61.330,0","62.485,0","59.595,6","4,81K","-0,66%"
"31.10.2021","61.330,0","61.838,8","62.414,0","60.021,0","2,42K","-0,82%"
"30.10.2021","61.838,8","62.235,0","62.353,0","60.756,0","2,24K","-0,64%"
"29.10.2021","62.235,0","60.598,0","62.980,0","60.189,5","3,92K","2,70%"
"28.10.2021","60.598,0","58.453,0","62.395,0","57.612,0","8,07K","3,67%"
"27.10.2021","58.453,0","60.289,0","61.447,7","58.096,4","7,14K","-3,05%"
"26.10.2021","60.290,0","63.100,0","63.306,0","59.852,0","4,75K","-4,45%"
"25.10.2021","63.100,0","60.847,0","63.666,0","60.633,0","3,71K","3,70%"
"24.10.2021","60.847,0","61.302,0","61.471,0","59.537,0","2,88K","-0,74%"
"23.10.2021","61.302,0","60.708,0","61.731,0","59.762,0","2,71K","0,98%"
"22.10.2021","60.708,0","62.200,0","63.708,0","60.045,0","6,35K","-2,40%"
"21.10.2021","62.200,0","65.988,0","66.643,0","62.100,0","13,37K","-5,74%"
"20.10.2021","65.988,0","64.263,0","66.927,0","63.536,0","9,26K","2,73%"
"19.10.2021","64.237,0","62.034,0","64.418,0","61.441,1","9,15K","3,55%"
"18.10.2021","62.034,0","61.504,0","62.661,0","59.948,0","8,56K","0,85%"
"17.10.2021","61.511,0","60.867,5","61.652,0","59.073,0","5,14K","1,06%"
"16.10.2021","60.867,5","61.680,0","62.325,0","60.175,0","4,28K","-1,36%"
"15.10.2021","61.709,0","57.354,0","62.897,0","56.889,0","11,88K","7,59%"
"14.10.2021","57.354,0","57.381,0","58.473,0","56.880,0","4,59K","-0,05%"
"13.10.2021","57.381,0","55.967,0","57.758,0","54.310,0","3,09K","2,53%"
"12.10.2021","55.967,0","57.468,0","57.633,0","54.000,0","5,94K","-2,61%"
"11.10.2021","57.468,0","54.701,0","57.802,5","54.430,0","7,51K","5,06%"
"10.10.2021","54.701,0","54.978,0","56.414,0","54.173,0","5,84K","-0,50%"
"09.10.2021","54.978,0","53.925,0","55.443,7","53.711,0","2,44K","1,95%"
"08.10.2021","53.925,0","53.793,0","56.000,0","53.649,0","5,48K","0,25%"
"07.10.2021","53.793,0","55.331,0","55.339,0","53.444,0","4,95K","-2,78%"
"06.10.2021","55.331,0","51.508,0","55.724,0","50.448,0","10,52K","7,42%"
"05.10.2021","51.508,0","49.232,0","51.891,1","49.065,0","6,68K","4,58%"
"04.10.2021","49.252,0","48.243,0","49.503,0","46.951,0","6,19K","2,09%"
"03.10.2021","48.243,0","47.675,0","49.187,0","47.124,0","3,60K","1,19%"
"02.10.2021","47.675,0","48.151,0","48.330,0","47.459,0","2,06K","-1,00%"
"01.10.2021","48.157,0","43.830,0","48.454,0","43.311,0","8,32K","9,87%"
"30.09.2021","43.830,0","41.551,0","44.107,0","41.432,0","5,11K","5,48%"
"29.09.2021","41.551,0","41.064,0","42.591,0","40.811,0","4,39K","1,19%"
"28.09.2021","41.064,0","42.191,0","42.777,0","40.928,0","6,16K","-2,67%"
"27.09.2021","42.191,0","43.220,5","44.354,0","42.144,0","4,26K","-2,29%"
"26.09.2021","43.180,0","42.711,0","43.931,0","40.830,0","5,47K","1,10%"
"25.09.2021","42.711,0","42.854,0","42.977,0","41.731,0","2,96K","-0,39%"
"24.09.2021","42.878,0","44.882,0","45.140,0","40.779,0","11,76K","-4,47%"
"23.09.2021","44.882,0","43.582,6","44.986,0","43.121,0","5,29K","2,98%"
"22.09.2021","43.582,6","40.632,5","43.998,0","40.607,0","8,43K","7,18%"
"21.09.2021","40.664,0","43.002,0","43.622,3","39.678,0","14,96K","-5,44%"
"20.09.2021","43.002,0","47.239,0","47.323,0","42.577,0","12,63K","-8,97%"
"19.09.2021","47.239,0","48.309,0","48.370,0","46.837,0","2,28K","-2,21%"
"18.09.2021","48.309,0","47.296,0","48.794,0","47.070,0","2,05K","2,15%"
"17.09.2021","47.292,0","47.786,0","48.183,0","46.782,0","2,49K","-1,03%"
"16.09.2021","47.786,0","48.136,0","48.518,0","47.080,0","3,61K","-0,73%"
"15.09.2021","48.136,0","47.078,0","48.440,0","46.738,0","3,98K","2,25%"
"14.09.2021","47.078,0","44.960,0","47.235,0","44.726,0","3,52K","4,71%"
"13.09.2021","44.960,0","46.069,0","46.823,0","43.514,0","8,77K","-2,41%"
"12.09.2021","46.069,0","45.169,0","46.391,0","44.780,1","3,39K","1,99%"
"11.09.2021","45.169,0","44.852,0","45.990,0","44.750,0","2,54K","0,71%"
"10.09.2021","44.852,0","46.389,0","47.036,0","44.265,1","5,18K","-3,31%"
"09.09.2021","46.389,0","46.088,0","47.397,0","45.591,0","3,85K","0,65%"
"08.09.2021","46.088,0","46.778,0","47.342,4","44.509,9","7,55K","-1,48%"
"07.09.2021","46.778,0","52.676,0","52.888,0","43.347,0","16,70K","-11,20%"
"06.09.2021","52.676,0","51.762,0","52.709,0","51.062,0","4,84K","1,77%"
"05.09.2021","51.762,0","49.899,0","51.900,0","49.500,0","5,54K","3,73%"
"04.09.2021","49.899,0","50.000,0","50.529,0","49.418,0","2,37K","-0,20%"
"03.09.2021","50.000,0","49.291,0","51.032,0","48.362,0","7,33K","1,44%"
"02.09.2021","49.291,0","48.844,0","50.365,0","48.633,0","4,95K","0,92%"
"01.09.2021","48.844,0","47.157,0","49.102,0","46.600,0","5,71K","3,58%"
"31.08.2021","47.157,0","47.008,0","48.241,0","46.725,0","4,30K","0,32%"
"30.08.2021","47.008,0","48.800,0","48.915,7","46.904,0","4,12K","-3,67%"
"29.08.2021","48.800,0","48.914,0","49.650,0","47.844,0","4,05K","-0,23%"
"28.08.2021","48.914,0","49.076,1","49.310,0","48.400,0","2,30K","-0,33%"
"27.08.2021","49.076,1","46.832,0","49.159,0","46.364,9","5,80K","4,79%"
"26.08.2021","46.832,0","48.989,0","49.385,0","46.370,7","6,48K","-4,40%"
"25.08.2021","48.989,0","47.714,0","49.244,0","47.158,0","4,12K","2,67%"
"24.08.2021","47.714,0","49.539,0","49.857,0","47.604,0","4,77K","-3,68%"
"23.08.2021","49.539,0","49.264,0","50.506,3","49.055,0","5,42K","0,56%"
"22.08.2021","49.264,0","48.868,0","49.487,0","48.121,0","2,75K","0,81%"
"21.08.2021","48.868,0","49.332,0","49.784,0","48.290,0","3,92K","-0,94%"
"20.08.2021","49.332,0","46.765,0","49.362,0","46.660,0","6,04K","5,49%"
"19.08.2021","46.765,0","44.744,0","47.060,0","43.992,0","5,97K","4,52%"
"18.08.2021","44.744,0","44.698,0","46.007,8","44.290,0","5,82K","0,10%"
"17.08.2021","44.698,0","45.940,0","47.157,0","44.467,0","6,93K","-2,70%"
"16.08.2021","45.940,0","47.031,0","48.059,0","45.689,0","6,06K","-2,32%"
"15.08.2021","47.031,0","47.084,0","47.355,0","45.556,0","3,83K","-0,11%"
"14.08.2021","47.084,0","47.842,0","48.120,0","46.036,0","4,35K","-1,58%"
"13.08.2021","47.842,0","44.423,0","47.866,0","44.276,0","7,39K","7,70%"
"12.08.2021","44.423,0","45.546,0","46.185,0","43.789,0","5,64K","-2,47%"
"11.08.2021","45.546,0","45.612,0","46.725,0","45.358,0","4,32K","-0,14%"
"10.08.2021","45.612,0","46.291,0","46.674,0","44.644,0","6,37K","-1,47%"
"09.08.2021","46.293,0","43.770,0","46.432,2","42.792,0","10,72K","5,76%"
"08.08.2021","43.770,0","44.589,0","45.249,0","43.300,0","8,16K","-1,84%"
"07.08.2021","44.589,0","42.830,0","44.689,2","42.464,0","9,32K","4,11%"
"06.08.2021","42.830,0","40.887,0","43.294,0","39.933,0","6,46K","4,75%"
"05.08.2021","40.887,0","39.741,0","41.352,0","37.361,0","6,43K","2,85%"
"04.08.2021","39.754,0","38.219,0","39.965,0","37.564,0","3,67K","4,05%"
"03.08.2021","38.207,0","39.156,0","39.774,0","37.700,0","5,08K","-2,42%"
"02.08.2021","39.156,0","39.922,0","40.441,0","38.716,0","4,62K","-1,92%"
"01.08.2021","39.922,0","41.409,0","42.532,0","39.596,0","9,11K","-3,59%"
"31.07.2021","41.409,0","42.169,0","42.317,0","41.051,0","5,07K","-1,80%"
"30.07.2021","42.169,0","40.034,4","42.244,0","38.373,0","7,77K","5,31%"
"29.07.2021","40.041,0","40.004,0","40.623,0","39.282,0","4,07K","0,09%"
"28.07.2021","40.004,0","39.563,0","40.899,0","38.822,0","7,98K","1,11%"
"27.07.2021","39.563,0","37.296,0","39.563,0","36.436,0","6,04K","6,08%"
"26.07.2021","37.296,0","35.422,0","40.515,6","35.276,0","16,31K","5,34%"
"25.07.2021","35.407,0","34.620,0","35.430,0","33.906,0","2,78K","4,62%"
"24.07.2021","33.845,0","33.597,1","34.043,0","33.422,0","3,34K","0,74%"
"23.07.2021","33.597,1","32.320,0","33.625,3","32.020,0","3,97K","3,95%"
"22.07.2021","32.320,0","32.141,0","32.609,7","31.747,0","5,23K","0,56%"
"21.07.2021","32.141,0","29.806,1","32.804,0","29.545,0","8,25K","7,83%"
"20.07.2021","29.806,1","30.847,0","31.075,0","29.341,0","8,88K","-3,37%"
"19.07.2021","30.847,0","31.824,0","31.924,0","30.514,0","12,80K","-3,07%"
"18.07.2021","31.824,0","31.559,0","32.427,0","31.211,8","12,41K","0,84%"
"17.07.2021","31.559,0","31.427,0","31.975,0","31.224,0","13,71K","0,41%"
"16.07.2021","31.429,0","31.875,0","32.266,0","31.055,0","5,38K","-1,34%"
"15.07.2021","31.857,0","32.822,6","33.194,0","31.170,0","6,96K","-2,94%"
"14.07.2021","32.822,6","32.727,0","33.117,0","31.596,0","5,19K","0,29%"
"13.07.2021","32.727,0","33.090,0","33.333,0","32.210,0","4,02K","-1,10%"
"12.07.2021","33.090,0","34.239,0","34.624,0","32.616,0","8,41K","-3,36%"
"11.07.2021","34.239,0","33.506,0","34.584,0","33.317,0","2,15K","2,19%"
"10.07.2021","33.506,0","33.769,0","34.221,0","33.024,0","6,46K","-0,78%"
"09.07.2021","33.769,0","32.873,9","34.044,0","32.574,0","6,66K","2,72%"
"08.07.2021","32.873,9","33.886,0","33.939,0","32.063,0","14,29K","-2,99%"
"07.07.2021","33.886,0","34.256,0","35.076,0","33.826,0","3,51K","-0,74%"
"06.07.2021","34.140,0","33.668,0","34.858,8","33.668,0","8,81K","1,40%"
"05.07.2021","33.668,0","35.289,0","35.289,0","33.479,2","7,72K","-4,59%"
"04.07.2021","35.289,0","35.494,0","35.782,0","35.289,0","2,93K","1,53%"
"03.07.2021","34.758,0","33.816,0","34.762,0","33.561,6","2,89K","2,79%"
"02.07.2021","33.816,0","33.554,4","33.924,0","32.727,0","5,15K","0,78%"
"01.07.2021","33.554,4","35.043,5","35.043,5","32.821,0","5,82K","-4,25%"
"30.06.2021","35.043,5","35.895,9","35.981,0","34.754,0","3,45K","-2,37%"
"29.06.2021","35.895,9","34.484,0","36.411,0","34.316,7","5,51K","4,09%"
"28.06.2021","34.484,0","34.717,0","35.168,0","34.152,0","6,18K","-0,67%"
"27.06.2021","34.717,0","32.359,0","34.717,0","32.359,0","28,71K","7,29%"
"26.06.2021","32.359,0","31.584,7","32.359,0","30.331,0","20,53K","2,45%"
"25.06.2021","31.584,0","34.656,6","34.915,0","31.584,0","37,67K","-8,87%"
"24.06.2021","34.656,6","33.703,0","35.137,2","32.530,0","4,86K","2,83%"
"23.06.2021","33.703,0","32.553,0","34.196,0","32.553,0","9,14K","3,53%"
"22.06.2021","32.553,0","31.761,0","33.300,0","29.927,0","26,87K","2,49%"
"21.06.2021","31.761,0","35.631,0","35.631,0","31.475,0","23,45K","-10,86%"
"20.06.2021","35.631,0","35.585,8","35.966,0","33.725,0","16,93K","0,13%"
"19.06.2021","35.585,8","35.802,0","36.236,0","35.460,0","11,57K","-0,60%"
"18.06.2021","35.802,0","38.061,0","38.061,0","35.490,0","11,42K","-5,94%"
"17.06.2021","38.061,0","38.332,0","39.324,0","37.733,7","3,54K","-0,71%"
"16.06.2021","38.332,0","40.139,0","40.394,0","38.332,0","6,79K","-4,50%"
"15.06.2021","40.139,0","40.509,0","40.708,8","39.726,0","7,78K","-0,89%"
"14.06.2021","40.500,0","39.004,0","40.732,0","38.812,0","9,73K","3,84%"
"13.06.2021","39.004,0","35.531,0","39.021,1","34.984,0","8,99K","9,77%"
"12.06.2021","35.531,0","37.338,0","37.338,0","35.185,0","7,38K","-4,84%"
"11.06.2021","37.338,0","36.649,2","37.427,0","36.342,0","6,42K","1,88%"
"10.06.2021","36.649,2","37.347,0","37.933,0","36.559,0","9,57K","-1,87%"
"09.06.2021","37.347,0","33.415,0","37.490,0","32.673,0","26,97K","11,77%"
"08.06.2021","33.415,0","33.596,0","33.744,8","31.547,6","12,92K","-0,54%"
"07.06.2021","33.596,0","35.782,0","36.613,3","33.596,0","9,97K","-6,11%"
"06.06.2021","35.782,0","35.543,0","36.238,0","35.496,0","6,51K","0,67%"
"05.06.2021","35.543,0","36.844,0","37.690,3","35.296,0","6,59K","-3,56%"
"04.06.2021","36.854,0","39.209,0","39.209,0","36.532,0","5,93K","-6,01%"
"03.06.2021","39.209,0","37.590,0","39.209,0","37.371,0","5,75K","4,31%"
"02.06.2021","37.590,0","36.672,6","38.053,0","36.192,3","3,97K","2,50%"
"01.06.2021","36.672,6","37.305,0","37.624,8","35.928,0","5,29K","-1,70%"
"31.05.2021","37.305,0","35.615,0","37.305,0","34.527,0","5,98K","4,75%"
"30.05.2021","35.615,0","34.570,0","36.138,0","33.680,0","6,02K","3,02%"
"29.05.2021","34.570,0","35.667,0","36.910,5","33.681,0","7,76K","-3,08%"
"28.05.2021","35.667,0","38.484,7","38.484,7","35.028,0","10,22K","-7,20%"
"27.05.2021","38.435,0","39.301,0","40.120,0","37.381,0","5,55K","-2,20%"
"26.05.2021","39.301,0","38.363,0","40.497,8","38.020,2","8,61K","2,45%"
"25.05.2021","38.363,0","38.772,9","39.761,0","36.760,5","7,77K","-1,06%"
"24.05.2021","38.772,9","34.730,3","39.201,0","34.730,3","15,13K","11,64%"
"23.05.2021","34.730,3","37.585,0","38.186,0","32.623,0","25,99K","-7,60%"
"22.05.2021","37.585,0","37.415,0","38.662,0","36.150,0","13,56K","0,45%"
"21.05.2021","37.415,0","40.550,1","41.500,0","35.188,0","23,31K","-7,79%"
"20.05.2021","40.578,0","36.755,0","41.827,0","35.198,4","25,60K","10,40%"
"19.05.2021","36.755,0","42.935,0","42.935,0","35.303,4","67,82K","-14,39%"
"18.05.2021","42.935,0","43.544,0","45.474,0","42.611,8","10,72K","-1,40%"
"17.05.2021","43.544,0","46.569,0","46.569,0","42.304,0","37,72K","-6,52%"
"16.05.2021","46.582,9","46.784,9","49.460,0","45.340,0","19,06K","-0,43%"
"15.05.2021","46.784,9","49.917,0","50.526,2","46.784,9","9,49K","-6,27%"
"14.05.2021","49.917,0","49.747,0","51.168,0","49.289,0","6,05K","0,34%"
"13.05.2021","49.747,0","49.725,0","51.154,0","48.120,6","21,16K","0,04%"
"12.05.2021","49.725,0","56.715,0","57.688,0","49.725,0","14,96K","-12,32%"
"11.05.2021","56.715,0","55.851,0","56.724,0","54.789,0","7,69K","1,55%"
"10.05.2021","55.851,0","58.276,0","59.454,3","55.448,0","13,49K","-4,16%"
"09.05.2021","58.276,0","58.894,0","58.956,5","56.977,0","8,48K","-1,05%"
"08.05.2021","58.894,0","57.349,0","59.327,0","57.317,0","7,61K","2,69%"
"07.05.2021","57.349,0","56.451,0","58.101,0","55.606,0","6,93K","1,59%"
"06.05.2021","56.451,0","57.487,0","57.843,0","55.897,0","10,44K","-1,79%"
"05.05.2021","57.477,0","52.960,0","57.477,0","52.960,0","7,66K","7,91%"
"04.05.2021","53.264,0","57.147,0","57.147,0","53.264,0","10,03K","-6,79%"
"03.05.2021","57.147,0","56.605,0","58.686,0","56.605,0","7,63K","0,96%"
"02.05.2021","56.605,0","57.774,0","57.774,0","56.385,0","4,20K","-2,02%"
"01.05.2021","57.774,0","57.634,7","58.265,0","57.259,0","4,32K","0,24%"
"30.04.2021","57.637,0","53.566,0","57.637,0","53.339,0","7,86K","7,60%"
"29.04.2021","53.566,0","54.860,0","54.860,0","52.631,0","7,08K","-2,36%"
"28.04.2021","54.860,0","55.044,0","55.575,0","54.090,0","5,76K","-0,33%"
"27.04.2021","55.044,0","54.103,0","55.215,0","53.660,0","7,24K","1,74%"
"26.04.2021","54.103,0","49.129,0","54.214,0","49.129,0","11,01K","10,15%"
"25.04.2021","49.116,3","50.167,0","50.539,0","48.409,8","9,60K","-2,09%"
"24.04.2021","50.167,0","51.139,0","51.139,0","49.572,0","5,98K","-1,90%"
"23.04.2021","51.139,0","51.781,3","51.781,3","48.719,6","17,25K","-1,24%"
"22.04.2021","51.781,3","53.822,0","55.067,0","51.781,3","12,69K","-3,79%"
"21.04.2021","53.822,0","56.476,0","56.476,0","53.822,0","7,10K","-4,70%"
"20.04.2021","56.476,0","55.639,0","56.950,0","54.398,0","8,39K","1,50%"
"19.04.2021","55.639,0","56.173,0","57.359,0","54.912,8","8,57K","-0,93%"
"18.04.2021","56.163,0","59.970,0","60.223,0","54.416,8","26,33K","-6,35%"
"17.04.2021","59.970,0","61.325,0","62.367,7","59.970,0","7,02K","-2,21%"
"16.04.2021","61.325,0","63.196,0","63.453,0","60.286,0","11,54K","-2,96%"
"15.04.2021","63.196,0","62.907,0","63.475,0","62.348,0","6,61K","0,40%"
"14.04.2021","62.942,7","63.518,0","64.374,0","62.065,0","10,93K","-0,91%"
"13.04.2021","63.518,0","59.900,0","63.518,0","59.900,0","11,26K","6,04%"
"12.04.2021","59.900,0","60.034,8","60.701,0","59.747,0","5,50K","-0,22%"
"11.04.2021","60.034,8","59.823,8","60.486,0","59.411,0","4,65K","0,35%"
"10.04.2021","59.823,8","58.114,0","60.984,0","58.114,0","9,79K","2,94%"
"09.04.2021","58.114,0","58.110,0","58.683,0","57.849,0","3,75K","0,01%"
"08.04.2021","58.110,0","55.960,0","58.110,0","55.960,0","4,48K","3,84%"
"07.04.2021","55.960,0","57.991,0","58.490,0","55.960,0","8,85K","-3,50%"
"06.04.2021","57.991,0","59.145,0","59.200,0","57.603,0","5,62K","-1,95%"
"05.04.2021","59.145,0","58.240,0","59.145,0","57.034,0","5,59K","1,55%"
"04.04.2021","58.240,0","57.023,0","58.240,0","57.023,0","4,97K","2,13%"
"03.04.2021","57.023,0","58.959,0","59.499,0","57.023,0","6,63K","-3,28%"
"02.04.2021","58.959,0","58.727,4","59.834,0","58.727,4","6,15K","0,39%"
"01.04.2021","58.727,4","58.796,0","59.172,9","58.498,0","4,35K","-0,12%"
"31.03.2021","58.796,0","58.841,0","59.453,0","57.698,0","8,12K","-0,08%"
"30.03.2021","58.841,0","57.672,3","59.349,0","57.278,0","7,87K","2,03%"
"29.03.2021","57.672,3","55.773,0","58.162,0","54.984,0","10,12K","3,41%"
"28.03.2021","55.773,0","55.886,0","56.326,0","55.089,0","4,21K","-0,20%"
"27.03.2021","55.886,0","54.992,9","56.249,0","54.373,0","5,18K","1,62%"
"26.03.2021","54.992,9","51.363,0","54.992,9","51.363,0","7,71K","7,07%"
"25.03.2021","51.363,0","52.347,2","52.926,0","50.874,0","11,59K","-1,88%"
"24.03.2021","52.347,2","54.331,0","56.919,0","52.347,2","14,08K","-3,65%"
"23.03.2021","54.331,0","54.074,0","55.646,9","53.541,2","6,57K","0,48%"
"22.03.2021","54.074,0","57.368,0","58.036,0","54.074,0","8,72K","-5,74%"
"21.03.2021","57.368,0","58.087,0","58.499,5","56.200,0","8,29K","-1,24%"
"20.03.2021","58.087,0","58.074,0","59.421,0","58.074,0","6,78K","0,02%"
"19.03.2021","58.074,0","57.640,0","58.961,0","57.030,0","6,48K","0,75%"
"18.03.2021","57.640,0","58.870,0","59.799,0","57.580,0","7,24K","-2,09%"
"17.03.2021","58.870,0","56.924,0","58.870,0","54.576,0","11,27K","3,42%"
"16.03.2021","56.924,0","55.644,0","56.924,0","54.049,0","10,49K","2,30%"
"15.03.2021","55.644,0","59.005,0","60.141,1","55.644,0","14,78K","-5,70%"
"14.03.2021","59.005,0","61.207,0","61.468,0","59.005,0","6,64K","-3,60%"
"13.03.2021","61.207,0","57.315,0","61.207,0","56.488,0","13,70K","6,79%"
"12.03.2021","57.315,0","57.869,0","57.869,0","55.946,0","9,56K","-0,96%"
"11.03.2021","57.869,0","55.939,0","57.921,0","54.834,0","8,66K","3,42%"
"10.03.2021","55.955,2","54.950,0","57.033,0","53.698,7","10,68K","1,83%"
"09.03.2021","54.949,4","52.395,0","54.949,4","52.395,0","8,20K","4,88%"
"08.03.2021","52.395,0","51.031,2","52.395,0","49.821,0","6,15K","2,67%"
"07.03.2021","51.031,2","48.895,0","51.031,2","48.895,0","5,37K","4,37%"
"06.03.2021","48.895,0","48.811,0","49.043,1","47.515,4","4,21K","0,17%"
"05.03.2021","48.811,0","48.368,0","49.277,0","46.662,0","9,42K","0,92%"
"04.03.2021","48.368,0","50.425,0","51.556,0","48.059,0","9,56K","-4,08%"
"03.03.2021","50.425,0","48.526,0","52.018,0","48.526,0","8,60K","3,91%"
"02.03.2021","48.526,0","49.572,0","49.572,0","47.453,6","8,37K","-2,11%"
"01.03.2021","49.572,0","45.300,0","49.572,0","45.300,0","9,42K","9,43%"
"28.02.2021","45.300,0","46.217,0","46.360,5","43.380,0","13,54K","-1,98%"
"27.02.2021","46.217,0","46.319,0","47.766,9","46.217,0","7,60K","-0,22%"
"26.02.2021","46.319,0","47.144,0","48.250,0","45.320,0","22,33K","-1,75%"
"25.02.2021","47.144,0","49.715,0","51.511,0","47.144,0","9,55K","-5,17%"
"24.02.2021","49.715,0","48.888,0","51.043,0","47.179,0","12,00K","1,69%"
"23.02.2021","48.888,0","54.078,0","54.078,0","45.343,5","32,59K","-9,60%"
"22.02.2021","54.078,0","57.376,0","57.376,0","48.383,0","27,31K","-5,75%"
"21.02.2021","57.376,0","55.838,0","58.238,0","55.639,0","6,69K","2,75%"
"20.02.2021","55.838,0","55.847,0","57.352,0","55.182,0","11,63K","-0,02%"
"19.02.2021","55.847,0","51.566,0","56.093,0","51.079,0","11,80K","8,30%"
"18.02.2021","51.566,0","52.060,0","52.433,0","51.356,9","5,87K","-0,95%"
"17.02.2021","52.060,0","49.225,0","52.284,0","49.225,0","9,21K","5,76%"
"16.02.2021","49.225,0","47.941,0","49.533,5","47.643,0","13,04K","2,68%"
"15.02.2021","47.941,0","48.587,0","48.694,0","46.563,0","9,88K","-1,33%"
"14.02.2021","48.587,0","47.177,0","49.279,0","47.177,0","7,34K","2,99%"
"13.02.2021","47.177,0","47.389,0","47.939,0","46.582,0","5,23K","-0,45%"
"12.02.2021","47.389,0","47.966,0","48.540,0","47.072,0","10,79K","-1,20%"
"11.02.2021","47.966,0","44.835,0","47.981,0","44.444,0","10,30K","6,98%"
"10.02.2021","44.835,0","46.486,0","47.056,0","44.541,0","10,02K","-3,55%"
"09.02.2021","46.486,0","46.440,0","48.004,0","45.882,0","15,90K","0,10%"
"08.02.2021","46.440,0","38.841,0","46.440,0","38.250,0","24,79K","19,56%"
"07.02.2021","38.841,0","39.257,0","39.561,0","38.061,0","7,63K","-1,06%"
"06.02.2021","39.257,0","38.260,0","40.780,0","38.260,0","10,18K","2,61%"
"05.02.2021","38.260,0","36.975,0","38.260,0","36.759,0","4,48K","3,48%"
"04.02.2021","36.975,0","37.677,0","37.998,0","36.521,0","6,42K","-1,86%"
"03.02.2021","37.677,0","35.563,0","37.677,0","35.563,0","8,80K","5,94%"
"02.02.2021","35.563,0","33.559,0","35.960,0","33.559,0","7,01K","5,97%"
"01.02.2021","33.559,0","33.141,0","34.460,1","32.595,0","5,30K","1,26%"
"31.01.2021","33.141,0","34.334,0","34.334,0","32.270,0","5,82K","-3,47%"
"30.01.2021","34.334,0","34.268,0","34.791,0","33.136,6","7,29K","0,16%"
"29.01.2021","34.280,7","33.350,0","38.056,0","32.466,0","28,64K","2,85%"
"28.01.2021","33.331,0","30.454,0","33.418,0","30.344,0","9,17K","9,45%"
"27.01.2021","30.454,0","32.519,0","32.519,0","29.815,0","14,77K","-6,35%"
"26.01.2021","32.519,0","32.268,1","32.735,1","31.434,0","8,54K","0,78%"
"25.01.2021","32.268,1","32.298,0","34.693,0","32.268,1","9,23K","-0,09%"
"24.01.2021","32.298,0","32.099,0","32.830,0","31.481,0","5,89K","0,62%"
"23.01.2021","32.099,0","33.062,0","33.062,0","31.773,0","7,07K","-2,91%"
"22.01.2021","33.062,0","30.852,0","33.631,0","28.991,0","15,72K","7,09%"
"21.01.2021","30.873,0","35.522,0","35.522,0","30.609,0","22,35K","-13,09%"
"20.01.2021","35.521,1","35.915,0","36.263,0","33.447,0","14,14K","-1,22%"
"19.01.2021","35.958,0","36.699,0","37.673,0","35.958,0","9,61K","-2,02%"
"18.01.2021","36.699,0","35.913,0","36.906,0","35.180,0","8,41K","2,22%"
"17.01.2021","35.903,0","36.061,0","36.570,0","33.914,0","9,85K","-0,42%"
"16.01.2021","36.055,0","36.741,0","37.750,0","35.809,0","10,84K","-1,87%"
"15.01.2021","36.741,0","39.145,0","39.476,0","35.268,0","15,55K","-6,20%"
"14.01.2021","39.170,0","37.374,0","39.750,0","37.193,0","12,97K","4,80%"
"13.01.2021","37.375,0","34.106,0","37.418,0","33.160,0","14,89K","9,59%"
"12.01.2021","34.103,0","35.448,0","35.838,6","33.616,0","22,18K","-3,87%"
"11.01.2021","35.476,0","38.226,0","38.226,0","31.842,0","48,04K","-7,19%"
"10.01.2021","38.226,0","40.171,0","41.209,3","37.436,0","19,01K","-4,84%"
"09.01.2021","40.171,0","40.509,0","41.046,0","38.966,0","8,17K","-0,83%"
"08.01.2021","40.509,0","39.407,0","41.616,0","37.723,0","21,79K","2,80%"
"07.01.2021","39.407,0","36.755,0","39.672,0","36.755,0","22,11K","7,22%"
"06.01.2021","36.755,0","33.986,0","36.755,0","33.901,0","18,62K","8,12%"
"05.01.2021","33.996,0","32.020,0","33.996,0","30.979,1","14,48K","6,17%"
"04.01.2021","32.020,0","32.971,0","33.403,0","29.178,0","24,68K","-2,88%"
"03.01.2021","32.971,0","32.183,0","34.253,0","32.110,0","18,91K","2,44%"
"02.01.2021","32.185,0","29.346,0","33.168,0","29.192,0","22,01K","9,67%"
"01.01.2021","29.346,0","28.933,0","29.498,0","28.932,0","8,33K","1,43%"
"31.12.2020","28.933,0","28.880,0","29.133,0","28.358,0","12,22K","0,18%"
"30.12.2020","28.880,0","27.316,0","28.892,0","27.316,0","10,51K","5,73%"
"29.12.2020","27.315,0","27.058,0","27.315,0","25.923,0","8,92K","0,95%"
"28.12.2020","27.058,0","26.241,0","27.308,0","26.241,0","7,60K","3,11%"
"27.12.2020","26.241,0","26.410,0","28.051,1","26.241,0","17,96K","-0,65%"
"26.12.2020","26.412,0","24.717,0","26.577,0","24.566,0","13,15K","6,86%"
"25.12.2020","24.717,0","23.743,0","24.717,0","23.491,0","13,78K","4,14%"
"24.12.2020","23.735,0","23.234,0","23.735,0","22.860,0","4,75K","2,16%"
"23.12.2020","23.234,0","23.805,0","23.916,0","22.917,0","12,07K","-2,40%"
"22.12.2020","23.805,0","22.701,0","23.805,0","22.489,7","7,41K","4,86%"
"21.12.2020","22.701,0","23.432,7","23.901,0","22.483,0","14,18K","-3,10%"
"20.12.2020","23.427,0","23.804,0","24.099,0","23.331,7","9,60K","-1,58%"
"19.12.2020","23.804,0","23.127,0","24.058,0","22.966,0","9,67K","2,93%"
"18.12.2020","23.127,0","22.806,6","23.142,0","22.544,0","7,28K","1,41%"
"17.12.2020","22.806,6","21.322,0","23.492,0","21.322,0","22,87K","6,96%"
"16.12.2020","21.322,0","19.459,0","21.322,0","19.388,0","21,07K","9,57%"
"15.12.2020","19.459,0","19.282,0","19.548,0","19.135,0","6,93K","0,92%"
"14.12.2020","19.281,0","19.180,0","19.281,0","19.076,0","2,53K","0,53%"
"13.12.2020","19.180,0","18.818,0","19.338,1","18.747,0","4,83K","1,96%"
"12.12.2020","18.810,6","18.050,0","18.821,0","18.050,0","3,68K","4,21%"
"11.12.2020","18.050,0","18.260,0","18.260,0","17.764,0","6,57K","-1,15%"
"10.12.2020","18.260,0","18.560,0","18.560,0","18.155,0","3,66K","-1,62%"
"09.12.2020","18.560,0","18.337,0","18.630,0","17.827,0","9,77K","1,23%"
"08.12.2020","18.335,0","19.196,0","19.299,0","18.335,0","9,62K","-4,49%"
"07.12.2020","19.196,0","19.410,0","19.410,0","18.959,4","2,29K","-1,10%"
"06.12.2020","19.410,0","19.157,0","19.410,0","19.015,6","4,33K","1,32%"
"05.12.2020","19.157,0","18.657,0","19.157,0","18.657,0","3,66K","2,68%"
"04.12.2020","18.657,0","19.452,0","19.452,0","18.657,0","8,65K","-4,06%"
"03.12.2020","19.447,0","19.241,0","19.560,0","18.999,4","5,25K","1,07%"
"02.12.2020","19.241,0","18.807,0","19.275,0","18.538,0","7,63K","2,31%"
"01.12.2020","18.807,0","19.695,0","19.733,0","18.727,0","21,94K","-4,47%"
"30.11.2020","19.686,0","18.196,0","19.723,0","18.196,0","14,95K","8,19%"
"29.11.2020","18.196,0","17.746,0","18.212,0","17.579,2","3,99K","2,54%"
"28.11.2020","17.746,0","17.169,3","17.800,0","16.997,0","5,75K","3,36%"
"27.11.2020","17.169,3","17.211,7","17.492,0","16.614,9","11,21K","-0,29%"
"26.11.2020","17.219,0","18.727,0","18.824,0","16.592,0","34,34K","-8,07%"
"25.11.2020","18.730,0","19.134,8","19.303,0","18.730,0","13,48K","-2,12%"
"24.11.2020","19.134,8","18.373,0","19.349,0","18.357,0","14,94K","4,15%"
"23.11.2020","18.373,0","18.399,0","18.655,0","18.158,0","8,76K","-0,14%"
"22.11.2020","18.399,0","18.660,0","18.668,0","18.122,0","9,10K","-1,40%"
"21.11.2020","18.660,0","18.669,0","18.944,5","18.521,0","6,62K","-0,05%"
"20.11.2020","18.669,0","17.810,0","18.699,7","17.810,0","7,97K","4,82%"
"19.11.2020","17.810,0","17.773,0","18.140,0","17.486,0","5,57K","0,21%"
"18.11.2020","17.773,0","17.674,9","18.212,0","17.378,6","17,52K","0,56%"
"17.11.2020","17.674,9","16.710,0","17.740,0","16.627,0","12,21K","5,77%"
"16.11.2020","16.710,0","15.962,2","16.827,6","15.906,0","6,52K","4,68%"
"15.11.2020","15.962,2","16.057,0","16.095,0","15.871,0","2,56K","-0,60%"
"14.11.2020","16.058,3","16.310,0","16.310,0","15.833,0","5,09K","-1,54%"
"13.11.2020","16.310,0","16.296,2","16.405,0","16.079,0","7,70K","0,10%"
"12.11.2020","16.294,0","15.710,0","16.294,0","15.656,0","12,30K","3,72%"
"11.11.2020","15.710,0","15.312,0","15.911,6","15.312,0","6,94K","2,60%"
"10.11.2020","15.312,0","15.329,0","15.402,0","15.177,0","3,74K","-0,11%"
"09.11.2020","15.329,0","15.501,0","15.687,0","15.063,7","8,95K","-1,11%"
"08.11.2020","15.501,0","14.844,1","15.554,2","14.844,1","6,47K","4,43%"
"07.11.2020","14.844,1","15.571,7","15.610,0","14.734,0","14,37K","-4,67%"
"06.11.2020","15.571,7","15.568,0","15.876,0","15.441,0","12,10K","-0,01%"
"05.11.2020","15.574,0","14.160,0","15.574,0","14.160,0","15,90K","9,99%"
"04.11.2020","14.160,0","14.025,0","14.160,0","13.643,0","10,10K","0,96%"
"03.11.2020","14.025,0","13.562,0","14.025,0","13.401,0","5,81K","3,41%"
"02.11.2020","13.563,0","13.756,0","13.828,5","13.414,0","6,59K","-1,40%"
"01.11.2020","13.756,0","13.788,0","13.829,0","13.679,5","3,11K","-0,23%"
"31.10.2020","13.788,0","13.568,0","13.958,0","13.499,0","8,95K","1,62%"
"30.10.2020","13.568,0","13.451,0","13.642,2","13.250,0","4,66K","0,87%"
"29.10.2020","13.451,0","13.272,0","13.555,1","13.153,0","4,07K","1,35%"
"28.10.2020","13.272,0","13.626,3","13.763,0","13.041,2","7,11K","-2,60%"
"27.10.2020","13.626,3","13.061,0","13.703,5","13.061,0","8,98K","4,33%"
"26.10.2020","13.061,0","13.037,0","13.205,0","12.863,0","3,68K","0,18%"
"25.10.2020","13.037,0","13.127,0","13.298,0","12.990,0","3,63K","-0,72%"
"24.10.2020","13.132,0","12.935,0","13.166,0","12.905,0","1,97K","1,52%"
"23.10.2020","12.935,0","12.988,0","12.999,0","12.757,0","2,90K","-0,41%"
"22.10.2020","12.988,0","12.810,9","13.128,0","12.738,3","6,09K","1,27%"
"21.10.2020","12.825,0","11.925,0","13.099,0","11.925,0","15,40K","7,55%"
"20.10.2020","11.925,0","11.757,0","11.980,0","11.723,0","5,42K","1,43%"
"19.10.2020","11.757,0","11.518,0","11.764,0","11.451,0","3,77K","2,08%"
"18.10.2020","11.518,0","11.375,0","11.518,0","11.366,0","1,32K","1,26%"
"17.10.2020","11.375,0","11.325,0","11.375,0","11.325,0","1,04K","0,44%"
"16.10.2020","11.325,0","11.509,0","11.540,0","11.268,2","3,46K","-1,60%"
"15.10.2020","11.509,0","11.440,0","11.513,0","11.335,0","4,26K","0,60%"
"14.10.2020","11.440,0","11.442,0","11.547,0","11.347,0","2,69K","-0,02%"
"13.10.2020","11.442,0","11.560,0","11.560,0","11.392,5","3,91K","-1,02%"
"12.10.2020","11.560,0","11.385,0","11.698,9","11.284,0","6,37K","1,54%"
"11.10.2020","11.385,0","11.308,0","11.430,0","11.308,0","1,48K","0,68%"
"10.10.2020","11.308,0","11.071,0","11.450,0","11.071,0","4,17K","2,14%"
"09.10.2020","11.071,0","10.943,0","11.102,4","10.878,0","2,57K","1,17%"
"08.10.2020","10.943,0","10.687,0","10.943,0","10.577,0","3,64K","2,40%"
"07.10.2020","10.687,0","10.613,7","10.687,0","10.584,1","1,67K","0,69%"
"06.10.2020","10.613,7","10.807,0","10.807,0","10.592,0","3,22K","-1,79%"
"05.10.2020","10.807,0","10.687,0","10.807,0","10.669,0","1,78K","1,12%"
"04.10.2020","10.687,0","10.558,6","10.694,1","10.557,6","1,63K","1,22%"
"03.10.2020","10.558,6","10.586,0","10.608,0","10.535,0","0,83K","-0,26%"
"02.10.2020","10.586,0","10.634,0","10.634,0","10.476,0","3,74K","-0,45%"
"01.10.2020","10.634,0","10.795,0","10.909,0","10.523,0","5,68K","-1,48%"
"30.09.2020","10.794,0","10.856,0","10.856,0","10.715,0","1,50K","-0,57%"
"29.09.2020","10.856,0","10.712,0","10.856,0","10.697,0","1,79K","1,34%"
"28.09.2020","10.712,0","10.803,0","10.941,0","10.712,0","3,79K","-0,84%"
"27.09.2020","10.803,0","10.750,0","10.807,1","10.664,0","1,75K","0,49%"
"26.09.2020","10.750,0","10.708,0","10.776,9","10.700,7","0,94K","0,39%"
"25.09.2020","10.708,0","10.754,0","10.765,0","10.629,0","2,35K","-0,43%"
"24.09.2020","10.754,0","10.263,0","10.760,0","10.263,0","3,20K","4,78%"
"23.09.2020","10.263,0","10.549,0","10.549,0","10.255,0","3,09K","-2,71%"
"22.09.2020","10.549,0","10.435,0","10.589,0","10.435,0","2,41K","1,10%"
"21.09.2020","10.434,0","10.934,5","10.980,9","10.434,0","6,01K","-4,58%"
"20.09.2020","10.934,5","11.099,0","11.099,0","10.848,2","1,82K","-1,48%"
"19.09.2020","11.099,0","10.957,2","11.127,0","10.957,2","2,47K","1,29%"
"18.09.2020","10.957,2","10.959,0","11.022,0","10.868,0","2,26K","-0,02%"
"17.09.2020","10.959,0","10.971,3","11.040,4","10.812,7","2,51K","-0,11%"
"16.09.2020","10.971,3","10.797,0","11.091,0","10.690,9","4,80K","1,61%"
"15.09.2020","10.797,0","10.690,0","10.899,9","10.690,0","4,99K","1,04%"
"14.09.2020","10.686,0","10.331,0","10.754,0","10.331,0","3,68K","3,44%"
"13.09.2020","10.331,0","10.458,0","10.560,0","10.244,0","4,04K","-1,21%"
"12.09.2020","10.458,0","10.405,0","10.463,5","10.352,0","1,43K","0,51%"
"11.09.2020","10.405,0","10.355,0","10.405,0","10.220,0","2,47K","0,48%"
"10.09.2020","10.355,0","10.240,0","10.407,0","10.240,0","3,55K","1,12%"
"09.09.2020","10.240,0","10.149,8","10.324,0","10.030,0","2,41K","0,89%"
"08.09.2020","10.149,8","10.397,0","10.397,0","10.007,0","6,76K","-2,38%"
"07.09.2020","10.397,0","10.276,0","10.397,0","9.964,1","6,30K","1,18%"
"06.09.2020","10.276,0","10.196,9","10.325,0","10.122,0","2,76K","0,77%"
"05.09.2020","10.197,0","10.484,7","10.517,7","10.046,2","8,51K","-2,74%"
"04.09.2020","10.484,7","10.170,0","10.593,0","10.170,0","13,59K","3,09%"
"03.09.2020","10.170,0","11.408,0","11.408,0","10.011,0","15,88K","-10,85%"
"02.09.2020","11.408,0","11.942,0","11.942,0","11.334,0","6,19K","-4,47%"
"01.09.2020","11.942,0","11.671,0","12.037,0","11.616,0","5,02K","2,32%"
"31.08.2020","11.671,0","11.729,9","11.734,0","11.639,1","2,24K","-0,50%"
"30.08.2020","11.729,9","11.492,0","11.729,9","11.492,0","2,10K","2,07%"
"29.08.2020","11.492,0","11.545,0","11.587,0","11.476,3","1,52K","-0,46%"
"28.08.2020","11.545,0","11.343,0","11.545,0","11.343,0","2,02K","1,78%"
"27.08.2020","11.343,0","11.471,1","11.471,1","11.254,0","4,81K","-1,12%"
"26.08.2020","11.471,0","11.341,0","11.482,0","11.316,0","2,48K","1,15%"
"25.08.2020","11.341,0","11.768,0","11.768,0","11.200,0","6,16K","-3,63%"
"24.08.2020","11.768,0","11.663,0","11.817,9","11.616,8","1,99K","0,90%"
"23.08.2020","11.663,0","11.685,0","11.692,6","11.551,0","1,93K","-0,19%"
"22.08.2020","11.685,0","11.531,0","11.690,7","11.449,0","3,46K","1,34%"
"21.08.2020","11.531,0","11.884,0","11.889,0","11.531,0","6,10K","-2,97%"
"20.08.2020","11.884,0","11.778,0","11.900,0","11.719,0","2,73K","0,90%"
"19.08.2020","11.778,0","11.961,8","12.004,0","11.694,6","6,29K","-1,54%"
"18.08.2020","11.961,8","12.300,0","12.359,0","11.927,2","7,18K","-2,75%"
"17.08.2020","12.300,0","11.925,0","12.415,0","11.826,1","10,12K","3,14%"
"16.08.2020","11.925,0","11.873,4","11.925,0","11.781,0","2,71K","0,43%"
"15.08.2020","11.873,4","11.761,0","11.977,4","11.761,0","4,04K","0,96%"
"14.08.2020","11.761,0","11.792,5","11.824,0","11.699,0","4,65K","-0,27%"
"13.08.2020","11.792,5","11.589,0","11.792,5","11.388,0","5,78K","1,74%"
"12.08.2020","11.591,0","11.379,8","11.591,0","11.257,0","5,82K","1,86%"
"11.08.2020","11.379,8","11.892,0","11.912,0","11.278,0","7,11K","-4,31%"
"10.08.2020","11.892,0","11.675,7","12.024,0","11.675,7","6,57K","1,85%"
"09.08.2020","11.675,7","11.764,0","11.782,0","11.572,0","1,57K","-0,75%"
"08.08.2020","11.764,0","11.580,0","11.772,0","11.564,0","1,87K","1,59%"
"07.08.2020","11.580,0","11.759,0","11.845,0","11.509,0","5,09K","-1,52%"
"06.08.2020","11.759,0","11.735,8","11.858,0","11.649,7","3,90K","0,20%"
"05.08.2020","11.735,8","11.184,0","11.735,8","11.182,0","5,79K","4,93%"
"04.08.2020","11.184,0","11.226,5","11.346,8","11.096,0","3,26K","-0,38%"
"03.08.2020","11.226,5","11.053,8","11.389,0","11.053,8","4,09K","1,56%"
"02.08.2020","11.053,8","11.804,7","11.917,0","11.032,0","13,22K","-6,36%"
"01.08.2020","11.804,7","11.350,0","11.804,7","11.307,0","10,57K","4,01%"
"31.07.2020","11.350,0","11.123,0","11.378,0","11.038,0","5,83K","2,04%"
"30.07.2020","11.123,0","11.117,0","11.180,0","10.965,0","4,25K","0,05%"
"29.07.2020","11.117,0","10.932,0","11.240,0","10.929,2","8,82K","1,69%"
"28.07.2020","10.932,0","11.044,0","11.211,8","10.761,0","9,88K","-1,01%"
"27.07.2020","11.044,0","9.946,3","11.249,1","9.946,3","21,58K","11,02%"
"26.07.2020","9.948,1","9.714,9","10.008,0","9.685,8","8,94K","2,40%"
"25.07.2020","9.714,9","9.559,1","9.730,5","9.559,1","2,56K","1,63%"
"24.07.2020","9.559,4","9.615,0","9.615,0","9.505,3","2,26K","-0,58%"
"23.07.2020","9.615,0","9.557,7","9.642,9","9.494,6","4,70K","0,60%"
"22.07.2020","9.557,7","9.402,0","9.557,7","9.349,3","4,14K","1,66%"
"21.07.2020","9.402,0","9.179,2","9.434,0","9.179,2","5,40K","2,43%"
"20.07.2020","9.179,2","9.231,2","9.231,2","9.169,7","1,40K","-0,56%"
"19.07.2020","9.231,2","9.189,1","9.231,2","9.130,5","1,44K","0,46%"
"18.07.2020","9.189,1","9.167,3","9.200,1","9.142,9","1,17K","0,24%"
"17.07.2020","9.167,3","9.149,9","9.172,0","9.128,8","1,06K","0,19%"
"16.07.2020","9.149,9","9.210,1","9.215,7","9.092,1","2,87K","-0,65%"
"15.07.2020","9.210,1","9.263,4","9.263,4","9.195,7","0,90K","-0,58%"
"14.07.2020","9.263,4","9.252,0","9.270,7","9.194,8","2,20K","0,12%"
"13.07.2020","9.252,0","9.315,8","9.344,8","9.238,1","1,93K","-0,68%"
"12.07.2020","9.315,8","9.246,3","9.315,8","9.195,6","1,86K","0,75%"
"11.07.2020","9.246,3","9.305,7","9.305,7","9.221,8","0,81K","-0,64%"
"10.07.2020","9.305,7","9.248,9","9.305,7","9.161,9","1,42K","0,61%"
"09.07.2020","9.248,9","9.447,0","9.447,0","9.215,0","3,71K","-2,10%"
"08.07.2020","9.447,0","9.267,5","9.480,7","9.267,5","3,81K","1,94%"
"07.07.2020","9.267,5","9.361,0","9.361,0","9.255,1","1,63K","-1,00%"
"06.07.2020","9.361,0","9.089,7","9.361,0","9.080,1","4,26K","2,99%"
"05.07.2020","9.089,7","9.147,7","9.152,3","9.004,9","2,08K","-0,63%"
"04.07.2020","9.147,7","9.073,9","9.203,5","9.060,0","1,13K","0,81%"
"03.07.2020","9.073,9","9.100,0","9.135,5","9.058,1","1,09K","-0,29%"
"02.07.2020","9.100,0","9.239,9","9.266,1","8.950,2","3,79K","-1,51%"
"01.07.2020","9.239,9","9.150,6","9.298,0","9.109,5","2,19K","0,98%"
"30.06.2020","9.150,6","9.194,4","9.206,5","9.077,1","1,83K","-0,48%"
"29.06.2020","9.194,4","9.127,8","9.242,1","9.030,2","3,64K","0,73%"
"28.06.2020","9.127,8","9.015,3","9.193,2","8.949,4","2,11K","1,25%"
"27.06.2020","9.015,3","9.173,1","9.199,5","8.857,3","3,37K","-1,72%"
"26.06.2020","9.173,1","9.257,0","9.299,0","9.054,1","3,69K","-0,91%"
"25.06.2020","9.257,0","9.312,1","9.344,0","9.012,7","5,55K","-0,59%"
"24.06.2020","9.312,1","9.635,1","9.684,1","9.222,3","5,52K","-3,35%"
"23.06.2020","9.635,1","9.697,7","9.724,0","9.594,7","3,42K","-0,65%"
"22.06.2020","9.697,7","9.298,1","9.794,2","9.285,2","5,88K","4,30%"
"21.06.2020","9.298,1","9.371,3","9.431,1","9.292,1","1,34K","-0,78%"
"20.06.2020","9.371,3","9.315,5","9.401,0","9.178,6","1,87K","0,60%"
"19.06.2020","9.315,5","9.400,0","9.439,9","9.241,8","2,62K","-0,90%"
"18.06.2020","9.400,0","9.473,3","9.496,4","9.287,2","1,66K","-0,77%"
"17.06.2020","9.473,3","9.534,4","9.566,0","9.261,3","3,14K","-0,64%"
"16.06.2020","9.534,4","9.435,0","9.589,9","9.388,1","3,44K","1,07%"
"15.06.2020","9.433,9","9.344,8","9.510,0","8.914,9","10,16K","0,95%"
"14.06.2020","9.345,4","9.480,9","9.486,0","9.262,0","2,69K","-1,43%"
"13.06.2020","9.480,8","9.468,3","9.498,2","9.363,6","1,85K","0,13%"
"12.06.2020","9.468,3","9.272,2","9.544,0","9.246,0","5,05K","2,11%"
"11.06.2020","9.272,2","9.898,8","9.972,8","9.088,6","15,78K","-6,33%"
"10.06.2020","9.898,8","9.771,9","10.004,0","9.699,3","4,46K","1,31%"
"09.06.2020","9.770,8","9.784,4","9.875,9","9.582,1","3,40K","-0,13%"
"08.06.2020","9.783,2","9.747,1","9.800,0","9.650,4","2,36K","0,38%"
"07.06.2020","9.746,3","9.668,4","9.814,0","9.402,3","4,71K","0,81%"
"06.06.2020","9.668,4","9.620,4","9.733,0","9.552,6","1,95K","0,50%"
"05.06.2020","9.620,5","9.790,7","9.861,8","9.620,5","3,62K","-1,74%"
"04.06.2020","9.790,7","9.672,0","9.882,1","9.477,0","4,28K","1,23%"
"03.06.2020","9.672,0","9.530,0","9.684,0","9.400,0","2,66K","1,49%"
"02.06.2020","9.530,0","10.221,0","10.242,0","9.197,4","21,47K","-6,76%"
"01.06.2020","10.221,0","9.452,1","10.390,0","9.421,8","13,43K","8,13%"
"31.05.2020","9.452,1","9.706,4","9.707,2","9.402,6","3,69K","-2,62%"
"30.05.2020","9.706,4","9.426,2","9.742,0","9.338,0","6,16K","2,97%"
"29.05.2020","9.426,2","9.589,3","9.618,5","9.352,3","3,88K","-1,70%"
"28.05.2020","9.589,3","9.210,3","9.629,6","9.121,7","7,63K","4,11%"
"27.05.2020","9.210,3","8.845,5","9.225,0","8.822,8","5,46K","4,12%"
"26.05.2020","8.845,5","8.902,0","9.013,3","8.705,0","3,94K","-0,63%"
"25.05.2020","8.902,0","8.711,5","8.960,8","8.628,6","5,61K","2,19%"
"24.05.2020","8.711,5","9.174,6","9.300,0","8.700,0","6,73K","-5,05%"
"23.05.2020","9.174,6","9.162,4","9.304,0","9.088,6","2,45K","0,13%"
"22.05.2020","9.162,4","9.059,5","9.257,3","8.935,5","3,83K","1,14%"
"21.05.2020","9.059,5","9.502,0","9.564,0","8.821,4","11,34K","-4,66%"
"20.05.2020","9.502,0","9.770,1","9.840,6","9.305,1","9,60K","-2,74%"
"19.05.2020","9.770,1","9.714,8","9.877,5","9.470,2","5,59K","0,57%"
"18.05.2020","9.714,8","9.668,2","9.941,1","9.462,4","9,20K","0,48%"
"17.05.2020","9.668,2","9.388,0","9.877,7","9.334,2","9,66K","2,98%"
"16.05.2020","9.388,0","9.313,3","9.580,0","9.224,0","4,16K","0,80%"
"15.05.2020","9.313,3","9.791,0","9.836,5","9.133,6","11,34K","-4,88%"
"14.05.2020","9.791,0","9.312,0","9.937,8","9.267,5","12,87K","5,14%"
"13.05.2020","9.312,0","8.811,4","9.403,2","8.799,5","9,89K","5,68%"
"12.05.2020","8.811,4","8.555,0","8.967,0","8.526,6","5,65K","3,00%"
"11.05.2020","8.555,0","8.726,0","9.135,8","8.211,1","20,56K","-1,96%"
"10.05.2020","8.726,0","9.537,7","9.557,5","8.107,4","26,50K","-8,51%"
"09.05.2020","9.537,9","9.792,2","9.900,0","9.499,0","8,26K","-2,60%"
"08.05.2020","9.792,8","9.991,0","10.025,0","9.713,8","12,20K","-1,87%"
"07.05.2020","9.979,6","9.150,4","10.045,0","9.050,0","19,87K","8,97%"
"06.05.2020","9.157,9","9.020,0","9.415,1","8.918,3","8,73K","1,53%"
"05.05.2020","9.020,1","8.871,2","9.119,8","8.770,9","7,71K","1,74%"
"04.05.2020","8.865,8","8.901,6","8.959,0","8.535,0","9,32K","-0,38%"
"03.05.2020","8.899,8","8.982,3","9.198,0","8.738,5","9,72K","-0,92%"
"02.05.2020","8.982,3","8.822,9","8.999,0","8.763,0","5,09K","1,81%"
"01.05.2020","8.822,9","8.630,8","9.069,9","8.630,8","7,92K","2,17%"
"30.04.2020","8.635,3","8.773,8","9.438,8","8.416,0","29,83K","-1,57%"
"29.04.2020","8.773,3","7.750,7","8.918,0","7.706,1","30,21K","13,12%"
"28.04.2020","7.755,8","7.777,6","7.777,7","7.658,6","5,62K","-0,28%"
"27.04.2020","7.777,7","7.698,0","7.777,7","7.623,4","6,90K","1,05%"
"26.04.2020","7.697,1","7.538,5","7.697,1","7.487,0","5,32K","2,10%"
"25.04.2020","7.538,5","7.508,4","7.700,0","7.450,1","5,17K","0,42%"
"24.04.2020","7.506,8","7.499,0","7.614,0","7.428,3","8,80K","0,15%"
"23.04.2020","7.495,2","7.133,3","7.744,9","7.047,4","16,38K","5,08%"
"22.04.2020","7.133,0","6.849,9","7.164,0","6.826,2","5,15K","4,13%"
"21.04.2020","6.850,0","6.835,0","6.955,6","6.770,7","6,46K","0,12%"
"20.04.2020","6.841,9","7.133,4","7.235,0","6.767,1","9,96K","-4,09%"
"19.04.2020","7.133,3","7.268,8","7.285,4","7.058,7","4,74K","-1,87%"
"18.04.2020","7.269,1","7.045,9","7.300,1","7.044,9","5,20K","3,17%"
"17.04.2020","7.045,8","7.114,7","7.158,9","7.013,4","4,68K","-0,97%"
"16.04.2020","7.114,9","6.629,1","7.200,0","6.500,4","17,75K","7,25%"
"15.04.2020","6.633,8","6.874,0","6.938,4","6.621,3","6,01K","-3,47%"
"14.04.2020","6.872,4","6.847,9","6.984,9","6.762,9","4,30K","0,35%"
"13.04.2020","6.848,7","6.916,5","6.916,5","6.576,5","12,68K","-0,93%"
"12.04.2020","6.913,0","6.884,5","7.192,2","6.797,6","8,89K","0,41%"
"11.04.2020","6.884,5","6.874,3","6.954,4","6.780,0","4,07K","0,13%"
"10.04.2020","6.875,5","7.293,7","7.305,8","6.756,4","15,84K","-5,73%"
"09.04.2020","7.293,5","7.367,1","7.370,7","7.117,0","7,75K","-1,00%"
"08.04.2020","7.367,0","7.203,0","7.420,0","7.155,8","8,18K","2,28%"
"07.04.2020","7.203,0","7.340,2","7.452,0","7.088,0","11,99K","-1,95%"
"06.04.2020","7.346,0","6.780,2","7.350,1","6.779,9","14,59K","8,38%"
"05.04.2020","6.778,0","6.880,6","6.914,7","6.693,4","5,65K","-1,51%"
"04.04.2020","6.881,6","6.738,5","7.010,8","6.660,0","7,12K","2,09%"
"03.04.2020","6.740,8","6.810,7","7.048,1","6.624,6","9,97K","-1,14%"
"02.04.2020","6.818,3","6.685,7","7.263,3","6.591,3","20,08K","2,15%"
"01.04.2020","6.675,0","6.429,0","6.714,6","6.180,0","11,23K","3,85%"
"31.03.2020","6.427,7","6.409,1","6.536,0","6.350,0","5,75K","0,31%"
"30.03.2020","6.407,6","5.893,7","6.627,1","5.880,9","12,38K","8,74%"
"29.03.2020","5.892,6","6.252,3","6.279,6","5.892,6","11,22K","-5,71%"
"28.03.2020","6.249,3","6.366,0","6.366,0","6.061,4","12,96K","-1,89%"
"27.03.2020","6.370,0","6.755,0","6.856,0","6.277,8","11,08K","-5,64%"
"26.03.2020","6.750,7","6.688,2","6.790,1","6.536,9","6,73K","0,93%"
"25.03.2020","6.688,2","6.762,0","6.968,0","6.449,9","13,79K","-1,09%"
"24.03.2020","6.762,0","6.491,2","6.838,5","6.406,1","16,62K","4,17%"
"23.03.2020","6.491,2","5.820,1","6.652,4","5.682,7","19,55K","11,40%"
"22.03.2020","5.827,0","6.202,7","6.410,6","5.757,3","16,28K","-6,04%"
"21.03.2020","6.201,8","6.211,1","6.461,0","5.884,7","12,94K","-0,06%"
"20.03.2020","6.205,8","6.173,5","6.897,0","5.687,6","31,08K","0,52%"
"19.03.2020","6.173,4","5.417,1","6.412,6","5.266,4","31,25K","13,98%"
"18.03.2020","5.416,2","5.339,0","5.452,7","5.033,9","21,13K","1,33%"
"17.03.2020","5.345,2","5.068,3","5.564,2","4.964,4","19,60K","5,67%"
"16.03.2020","5.058,5","5.381,9","5.381,9","4.468,0","41,78K","-6,03%"
"15.03.2020","5.383,2","5.217,1","5.984,2","5.133,0","22,62K","3,16%"
"14.03.2020","5.218,2","5.621,8","5.673,2","5.099,0","18,64K","-7,24%"
"13.03.2020","5.625,4","4.873,1","5.965,3","4.001,0","102,82K","14,17%"
"12.03.2020","4.927,0","7.975,3","8.001,7","4.612,1","116,68K","-38,18%"
"11.03.2020","7.969,6","7.917,9","8.020,6","7.635,1","10,98K","0,71%"
"10.03.2020","7.913,8","7.965,5","8.180,0","7.779,0","10,17K","-0,67%"
"09.03.2020","7.967,3","8.073,8","8.214,9","7.700,0","22,56K","-1,32%"
"08.03.2020","8.074,0","8.917,2","8.917,2","8.049,5","25,59K","-9,47%"
"07.03.2020","8.919,0","9.180,6","9.231,1","8.884,8","4,49K","-2,85%"
"06.03.2020","9.180,6","9.085,6","9.199,7","9.016,1","3,14K","0,99%"
"05.03.2020","9.090,8","8.795,3","9.185,0","8.795,3","5,72K","3,44%"
"04.03.2020","8.788,6","8.791,1","8.877,7","8.718,4","4,17K","-0,03%"
"03.03.2020","8.791,1","8.938,5","8.940,0","8.700,0","5,32K","-1,64%"
"02.03.2020","8.938,1","8.556,8","8.990,8","8.524,6","5,32K","4,35%"
"01.03.2020","8.565,2","8.561,5","8.775,0","8.460,0","5,39K","0,09%"
"29.02.2020","8.557,3","8.730,6","8.820,9","8.557,3","2,50K","-1,96%"
"28.02.2020","8.728,0","8.826,1","8.908,3","8.455,2","7,09K","-1,11%"
"27.02.2020","8.825,8","8.813,2","8.975,0","8.555,0","8,39K","0,14%"
"26.02.2020","8.813,2","9.324,8","9.385,9","8.652,7","14,59K","-5,51%"
"25.02.2020","9.327,5","9.674,0","9.686,6","9.251,4","8,49K","-3,58%"
"24.02.2020","9.674,1","9.983,8","10.022,0","9.484,3","6,59K","-3,11%"
"23.02.2020","9.985,0","9.663,0","10.001,0","9.660,2","7,30K","3,34%"
"22.02.2020","9.662,4","9.693,0","9.714,0","9.565,2","1,84K","-0,32%"
"21.02.2020","9.693,5","9.609,2","9.757,4","9.567,9","11,10K","0,89%"
"20.02.2020","9.608,1","9.586,2","9.694,7","9.362,4","6,50K","0,17%"
"19.02.2020","9.592,2","10.184,0","10.309,0","9.350,3","13,94K","-5,80%"
"18.02.2020","10.183,0","9.708,0","10.275,0","9.625,9","8,25K","4,89%"
"17.02.2020","9.708,0","9.929,7","9.963,8","9.501,5","9,30K","-2,23%"
"16.02.2020","9.929,7","9.901,0","10.037,0","9.651,4","6,93K","0,29%"
"15.02.2020","9.901,0","10.335,0","10.370,0","9.800,3","6,40K","-4,20%"
"14.02.2020","10.335,0","10.222,0","10.371,0","10.101,0","4,13K","1,11%"
"13.02.2020","10.222,0","10.338,0","10.489,0","10.080,0","8,98K","-1,13%"
"12.02.2020","10.339,0","10.249,0","10.458,0","10.238,0","8,71K","0,90%"
"11.02.2020","10.247,0","9.851,2","10.316,0","9.720,0","8,45K","4,03%"
"10.02.2020","9.850,2","10.151,5","10.187,0","9.737,8","8,52K","-2,96%"
"09.02.2020","10.151,0","9.877,3","10.161,0","9.871,1","9,64K","2,77%"
"08.02.2020","9.877,2","9.805,2","9.920,7","9.657,8","5,53K","0,73%"
"07.02.2020","9.805,2","9.745,0","9.859,6","9.695,5","3,70K","0,62%"
"06.02.2020","9.744,9","9.612,0","9.860,0","9.547,0","8,58K","1,38%"
"05.02.2020","9.612,0","9.197,5","9.731,2","9.180,2","10,77K","4,51%"
"04.02.2020","9.197,4","9.309,2","9.359,8","9.112,5","4,07K","-1,20%"
"03.02.2020","9.309,3","9.353,1","9.625,3","9.247,1","6,72K","-0,47%"
"02.02.2020","9.353,1","9.408,0","9.501,0","9.175,4","6,44K","-0,61%"
"01.02.2020","9.410,6","9.371,3","9.476,4","9.318,1","2,53K","0,46%"
"31.01.2020","9.367,4","9.512,7","9.519,9","9.221,9","4,87K","-1,53%"
"30.01.2020","9.512,7","9.305,1","9.550,0","9.175,7","9,02K","2,24%"
"29.01.2020","9.304,2","9.390,9","9.442,0","9.244,4","4,60K","-0,95%"
"28.01.2020","9.393,7","8.912,1","9.413,0","8.912,1","9,12K","5,41%"
"27.01.2020","8.912,0","8.622,0","9.001,8","8.585,2","6,28K","3,37%"
"26.01.2020","8.621,6","8.351,1","8.622,0","8.303,6","3,52K","3,21%"
"25.01.2020","8.353,7","8.447,1","8.447,2","8.280,0","2,10K","-1,11%"
"24.01.2020","8.447,1","8.403,6","8.521,8","8.247,7","3,51K","0,52%"
"23.01.2020","8.403,5","8.668,9","8.669,3","8.296,9","5,70K","-3,01%"
"22.01.2020","8.663,9","8.734,2","8.799,9","8.580,6","2,35K","-0,80%"
"21.01.2020","8.734,1","8.638,2","8.782,8","8.512,2","3,25K","1,11%"
"20.01.2020","8.638,2","8.698,6","8.741,1","8.519,6","4,11K","-0,64%"
"19.01.2020","8.694,0","8.891,6","9.169,5","8.455,7","12,41K","-2,22%"
"18.01.2020","8.891,5","8.873,1","8.965,0","8.794,2","3,46K","0,18%"
"17.01.2020","8.875,4","8.719,5","8.994,9","8.674,2","9,69K","1,78%"
"16.01.2020","8.720,6","8.810,9","8.839,9","8.579,8","5,31K","-0,99%"
"15.01.2020","8.807,7","8.760,8","8.873,0","8.560,2","8,78K","0,37%"
"14.01.2020","8.775,6","8.104,1","8.829,0","8.099,3","16,57K","8,41%"
"13.01.2020","8.094,5","8.174,9","8.198,3","8.053,6","2,59K","-0,98%"
"12.01.2020","8.174,7","8.013,6","8.174,7","7.951,7","3,21K","2,01%"
"11.01.2020","8.013,8","8.184,3","8.271,9","7.994,6","4,25K","-1,99%"
"10.01.2020","8.176,3","7.817,4","8.177,8","7.678,5","7,86K","4,59%"
"09.01.2020","7.817,5","8.036,8","8.036,8","7.756,2","4,67K","-2,73%"
"08.01.2020","8.036,8","8.158,2","8.442,0","7.882,8","11,76K","-1,39%"
"07.01.2020","8.150,0","7.759,5","8.200,1","7.741,9","12,35K","5,05%"
"06.01.2020","7.757,9","7.364,7","7.784,9","7.358,0","8,54K","5,34%"
"05.01.2020","7.364,6","7.370,3","7.509,9","7.315,8","4,45K","-0,07%"
"04.01.2020","7.369,8","7.371,8","7.422,0","7.297,7","4,27K","0,03%"
"03.01.2020","7.367,5","6.989,4","7.437,6","6.909,3","6,68K","5,41%"
"02.01.2020","6.989,4","7.212,7","7.225,2","6.963,0","4,85K","-3,10%"
"01.01.2020","7.212,7","7.208,2","7.268,8","7.185,4","2,07K","0,06%"